{"cameraMode":{"drawMode":0,"name":"Shaded","section":"Shading Mode"},"sceneLighting":false,"audioPlay":false,"sceneViewState":{"showFog":true,"showMaterialUpdate":false,"showSkybox":true,"showFlares":true,"showImageEffects":true,"showParticleSystems":true},"in2DMode":false,"pivot":{"x":-0.009888410568237305,"y":0.7735404968261719,"z":0.0007002353668212891},"rotation":{"x":0.10092723369598389,"y":0.8960463404655457,"z":-0.26428112387657168,"w":0.3421962559223175},"size":4.264997482299805,"orthographic":false}