{"cameraMode":{"drawMode":0,"name":"Shaded","section":"Shading Mode"},"sceneLighting":false,"audioPlay":false,"sceneViewState":{"showFog":true,"showMaterialUpdate":false,"showSkybox":true,"showFlares":true,"showImageEffects":true,"showParticleSystems":true},"in2DMode":false,"pivot":{"x":3.490000009536743,"y":1.4160000085830689,"z":-2.0899999141693117},"rotation":{"x":-0.30768516659736636,"y":-0.118894062936306,"z":0.038842201232910159,"w":-0.9432907700538635},"size":1.4289418458938599,"orthographic":false}