{"cameraMode":{"drawMode":0,"name":"Shaded","section":"Shading Mode"},"sceneLighting":false,"audioPlay":false,"sceneViewState":{"showFog":true,"showMaterialUpdate":false,"showSkybox":true,"showFlares":true,"showImageEffects":true,"showParticleSystems":true},"in2DMode":false,"pivot":{"x":5.685988426208496,"y":0.7305867671966553,"z":7.697672367095947},"rotation":{"x":0.13444486260414124,"y":0.4353930950164795,"z":-0.06594088673591614,"w":0.8877071142196655},"size":4.075751304626465,"orthographic":false}